Entidad,Municipio
aguascalientes,aguascalientes
michoacan de ocampo,morelia
san luis potosi,san luis potosi
aguascalientes,asientos
campeche,calkini
chiapas,simojovel
chiapas,teopisca
guerrero,san marcos
guerrero,eduardo neri
hidalgo,cuautepec de hinojosa
hidalgo,santiago tulantepec de lugo guerrero
jalisco,ixtlahuacan de los membrillos
mexico,acambay de ruiz castaneda
mexico,calimaya
mexico,temascalcingo
mexico,tlalmanalco
mexico,villa guerrero
michoacan de ocampo,chilchota
morelos,tlaltizapan de zapata
oaxaca,san pedro mixtepec
puebla,cuetzalan del progreso
puebla,palmar de bravo
puebla,tlatlauquitepec
puebla,xiutetelco
tabasco,tacotalpa
veracruz de ignacio de la llave,jalacingo
veracruz de ignacio de la llave,pueblo viejo
veracruz de ignacio de la llave,santiago tuxtla
veracruz de ignacio de la llave,tlalixcoyan
aguascalientes,pabellon de arteaga
aguascalientes,rincon de romos
coahuila de zaragoza,francisco i. madero
chiapas,cacahoatan
chiapas,pijijiapan
guerrero,arcelia
guerrero,petatlan
hidalgo,apan
hidalgo,zacualtipan de angeles
jalisco,encarnacion de diaz
jalisco,zapotiltic
mexico,ixtapan de la sal
mexico,melchor ocampo
morelos,axochiapan
nayarit,tuxpan
oaxaca,loma bonita
oaxaca,san pedro pochutla
puebla,acatlan
san luis potosi,ciudad fernandez
sinaloa,elota
tamaulipas,san fernando
veracruz de ignacio de la llave,isla
yucatan,hunucma
zacatecas,ojocaliente
coahuila de zaragoza,zaragoza
hidalgo,jacala de ledezma
jalisco,ayutla
jalisco,teocuitatlan de corona
jalisco,tonila
jalisco,tuxcueca
michoacan de ocampo,chavinda
michoacan de ocampo,huandacareo
oaxaca,cosolapa
oaxaca,villa de etla
oaxaca,santos reyes nopala
puebla,ayotoxco de guerrero
puebla,piaxtla
puebla,san juan atenco
puebla,san miguel xoxtla
puebla,tecomatlan
san luis potosi,villa de arriaga
san luis potosi,villa hidalgo
sonora,arizpe
sonora,fronteras
veracruz de ignacio de la llave,oteapan
yucatan,akil
zacatecas,monte escobedo
zacatecas,moyahua de estrada
chiapas,palenque
jalisco,tala
san luis potosi,tamazunchale
sinaloa,el fuerte
tabasco,cunduacan
tabasco,jalpa de mendez
tabasco,paraiso
veracruz de ignacio de la llave,panuco
veracruz de ignacio de la llave,alamo temapache
yucatan,kanasin
baja california,ensenada
sinaloa,ahome
sonora,cajeme
tamaulipas,matamoros
baja california,mexicali
sonora,hermosillo
baja california,tecate
guerrero,zihuatanejo de azueta
guerrero,taxco de alarcon
hidalgo,ixmiquilpan
jalisco,arandas
mexico,tenancingo
michoacan de ocampo,apatzingan
michoacan de ocampo,hidalgo
michoacan de ocampo,patzcuaro
michoacan de ocampo,zacapu
morelos,temixco
morelos,yautepec
nayarit,compostela
puebla,huauchinango
veracruz de ignacio de la llave,tierra blanca
baja california,tijuana
baja california,playas de rosarito
hidalgo,tula de allende
mexico,atlacomulco
oaxaca,salina cruz
sinaloa,salvador alvarado
tamaulipas,rio bravo
veracruz de ignacio de la llave,acayucan
veracruz de ignacio de la llave,martinez de la torre
campeche,escarcega
chiapas,huixtla
hidalgo,actopan
mexico,teoloyucan
mexico,valle de bravo
morelos,jojutla
oaxaca,san pedro mixtepec
oaxaca,santiago pinotepa nacional
tamaulipas,valle hermoso
veracruz de ignacio de la llave,cosamaloapan de carpio
veracruz de ignacio de la llave,perote
yucatan,progreso
yucatan,uman
yucatan,valladolid
baja california sur,los cabos
mexico,metepec
quintana roo,solidaridad
tamaulipas,tampico
coahuila de zaragoza,san juan de sabinas
quintana roo,isla mujeres
sonora,cananea
sonora,santa ana
tabasco,emiliano zapata
tamaulipas,miguel aleman
veracruz de ignacio de la llave,la antigua
campeche,campeche
chiapas,tapachula
durango,gomez palacio
nuevo leon,general escobedo
tamaulipas,nuevo laredo
tamaulipas,victoria
veracruz de ignacio de la llave,coatzacoalcos
chiapas,san cristobal de las casas
guerrero,chilpancingo de los bravo
hidalgo,tulancingo de bravo
morelos,cuautla
nuevo leon,santa catarina
quintana roo,othon p. blanco
campeche,hecelchakan
guerrero,benito juarez
hidalgo,alfajayucan
jalisco,ojuelos de jalisco
jalisco,gomez farias
jalisco,tapalpa
jalisco,villa corona
mexico,coatepec harinas
mexico,chiautla
mexico,jaltenco
mexico,texcaltitlan
michoacan de ocampo,la huacana
michoacan de ocampo,madero
michoacan de ocampo,marcos castellanos
michoacan de ocampo,penjamillo
puebla,san salvador el seco
puebla,santiago miahuatlan
puebla,tetela de ocampo
san luis potosi,tamuin
san luis potosi,axtla de terrazas
tabasco,jonuta
tamaulipas,tula
veracruz de ignacio de la llave,angel r. cabada
veracruz de ignacio de la llave,cotaxtla
veracruz de ignacio de la llave,oluta
veracruz de ignacio de la llave,paso del macho
veracruz de ignacio de la llave,platon sanchez
veracruz de ignacio de la llave,las vigas de ramirez
veracruz de ignacio de la llave,sayula de aleman
veracruz de ignacio de la llave,ursulo galvan
veracruz de ignacio de la llave,vega de alatorre
yucatan,maxcanu
campeche,calakmul
chiapas,acapetahua
chiapas,jiquipilas
chiapas,oxchuc
chiapas,siltepec
guerrero,coyuca de catalan
guerrero,cutzamala de pinzon
guerrero,quechultenango
hidalgo,acatlan
hidalgo,san felipe orizatlan
hidalgo,san salvador
mexico,amanalco
mexico,chapa de mota
mexico,rayon
mexico,sultepec
mexico,temascaltepec
mexico,villa victoria
mexico,luvianos
michoacan de ocampo,taretan
nayarit,rosamorada
puebla,coxcatlan
puebla,tepexi de rodriguez
puebla,vicente guerrero
queretaro,huimilpan
san luis potosi,aquismon
san luis potosi,moctezuma
san luis potosi,matlapa
tlaxcala,tepetitla de lardizabal
veracruz de ignacio de la llave,comapa
veracruz de ignacio de la llave,chicontepec
veracruz de ignacio de la llave,ignacio de la llave
veracruz de ignacio de la llave,jose azueta
veracruz de ignacio de la llave,texistepec
zacatecas,villa garcia
chiapas,reforma
chiapas,suchiate
chihuahua,ojinaga
durango,guadalupe victoria
michoacan de ocampo,yurecuaro
nuevo leon,sabinas hidalgo
oaxaca,san jacinto amilpas
queretaro,ezequiel montes
veracruz de ignacio de la llave,coatzintla
veracruz de ignacio de la llave,cuitlahuac
veracruz de ignacio de la llave,agua dulce
yucatan,motul
yucatan,ticul
coahuila de zaragoza,castanos
chiapas,tapilula
guerrero,cuajinicuilapa
guerrero,juan r. escudero
jalisco,cocula
jalisco,degollado
jalisco,jesus maria
jalisco,mazamitla
jalisco,tizapan el alto
jalisco,zacoalco de torres
michoacan de ocampo,coalcoman de vazquez pallares
oaxaca,san antonio de la cal
queretaro,jalpan de serra
sinaloa,concordia
tamaulipas,camargo
tamaulipas,soto la marina
tamaulipas,xicotencatl
veracruz de ignacio de la llave,banderilla
yucatan,izamal
zacatecas,jalpa
zacatecas,juchipila
chihuahua,cuauhtemoc
chihuahua,delicias
mexico,lerma
san luis potosi,ciudad valles
sonora,san luis rio colorado
tlaxcala,apizaco
veracruz de ignacio de la llave,minatitlan
veracruz de ignacio de la llave,orizaba
coahuila de zaragoza,saltillo
ciudad de mexico,alvaro obregon
mexico,naucalpan de juarez
quintana roo,benito juarez
coahuila de zaragoza,torreon
ciudad de mexico,coyoacan
mexico,tlalnepantla de baz
tabasco,centro
chiapas,cintalapa
chiapas,frontera comalapa
chiapas,tonala
guerrero,atoyac de alvarez
guerrero,coyuca de benitez
guerrero,tlapa de comonfort
hidalgo,tezontepec de aldama
hidalgo,tizayuca
mexico,almoloya de juarez
mexico,ixtlahuaca
mexico,zinacantepec
puebla,chignahuapan
puebla,tecamachalco
quintana roo,felipe carrillo puerto
tabasco,huimanguillo
tabasco,macuspana
tabasco,nacajuca
tlaxcala,zacatelco
veracruz de ignacio de la llave,cosoleacaque
veracruz de ignacio de la llave,san andres tuxtla
veracruz de ignacio de la llave,tantoyuca
veracruz de ignacio de la llave,tlapacoyan
chiapas,chapultenango
chiapas,tapalapa
guanajuato,tierra blanca
guanajuato,xichu
guerrero,copala
hidalgo,atlapexco
hidalgo,jaltocan
hidalgo,xochiatipan
jalisco,cuautla
jalisco,hostotipaquillo
jalisco,zapotitlan de vadillo
mexico,almoloya del rio
mexico,ixtapan del oro
mexico,nopaltepec
mexico,zacualpan
mexico,tonanitla
michoacan de ocampo,churintzio
oaxaca,cienega de zimatlan
oaxaca,san lucas ojitlan
puebla,chiconcuautla
puebla,ixtepec
puebla,san nicolas de los ranchos
puebla,san sebastian tlacotepec
puebla,tlaola
puebla,xochitlan todos santos
puebla,zacapala
puebla,zapotitlan de mendez
queretaro,san joaquin
san luis potosi,tancanhuitz
san luis potosi,tierra nueva
san luis potosi,villa juarez
tlaxcala,san francisco tetlanohcan
veracruz de ignacio de la llave,alpatlahuac
veracruz de ignacio de la llave,coacoatzintla
veracruz de ignacio de la llave,hidalgotitlan
veracruz de ignacio de la llave,villa aldama
veracruz de ignacio de la llave,zaragoza
yucatan,yaxkukul
zacatecas,cuauhtemoc
guerrero,iguala de la independencia
mexico,chicoloapan
morelos,jiutepec
oaxaca,san juan bautista tuxtepec
puebla,atlixco
puebla,san martin texmelucan
puebla,san pedro cholula
queretaro,corregidora
tabasco,comalcalco
chiapas,tuxtla gutierrez
ciudad de mexico,tlalpan
durango,durango
guerrero,acapulco de juarez
veracruz de ignacio de la llave,veracruz
chihuahua,ahumada
michoacan de ocampo,tocumbo
nuevo leon,china
nuevo leon,general bravo
sonora,aconchi
sonora,general plutarco elias calles
tamaulipas,abasolo
tamaulipas,padilla
veracruz de ignacio de la llave,rafael lucio
chihuahua,chihuahua
sinaloa,culiacan
chihuahua,jimenez
ciudad de mexico,cuajimalpa de morelos
puebla,san salvador huixcolotla
quintana roo,cozumel
tlaxcala,apetatitlan de antonio carvajal
veracruz de ignacio de la llave,boca del rio
chihuahua,juarez
ciudad de mexico,azcapotzalco
mexico,cuautitlan izcalli
nuevo leon,san nicolas de los garza
ciudad de mexico,gustavo a. madero
mexico,nezahualcoyotl
mexico,toluca
ciudad de mexico,tlahuac
ciudad de mexico,xochimilco
mexico,chalco
michoacan de ocampo,uruapan
ciudad de mexico,iztapalapa
mexico,ecatepec de morelos
ciudad de mexico,la magdalena contreras
mexico,la paz
mexico,zumpango
san luis potosi,soledad de graciano sanchez
sinaloa,guasave
tabasco,cardenas
ciudad de mexico,benito juarez
ciudad de mexico,miguel hidalgo
ciudad de mexico,cuauhtemoc
ciudad de mexico,venustiano carranza
morelos,cuernavaca
oaxaca,oaxaca de juarez
guanajuato,celaya
guanajuato,irapuato
nayarit,tepic
sinaloa,mazatlan
veracruz de ignacio de la llave,xalapa
guanajuato,leon
jalisco,guadalajara
jalisco,tlajomulco de zuniga
jalisco,san pedro tlaquepaque
nuevo leon,apodaca
nuevo leon,guadalupe
tamaulipas,reynosa
mexico,atizapan de zaragoza
mexico,chimalhuacan
mexico,tecamac
mexico,tultitlan
jalisco,zapopan
nuevo leon,san pedro garza garcia
nuevo leon,monterrey
puebla,puebla
queretaro,queretaro
yucatan,merida
zacatecas,miguel auza
